{"song":{"sectionLengths":[],"player1":"bf","player2":"spooky","notes":[{"sectionNotes":[],"lengthInSteps":16,"typeOfSection":0,"mustHitSection":true},{"sectionNotes":[],"lengthInSteps":16,"typeOfSection":0,"mustHitSection":true},{"sectionNotes":[],"lengthInSteps":16,"typeOfSection":0,"mustHitSection":true},{"sectionNotes":[],"lengthInSteps":16,"typeOfSection":0,"mustHitSection":true},{"sectionNotes":[[7300,3,0],[6900,3,200],[6500,0,200],[7800,2,0]],"lengthInSteps":16,"typeOfSection":0,"mustHitSection":false},{"sectionNotes":[[8000,3,150],[8300,1,200],[8700,3,200],[9100,2,200],[9500,0,0]],"lengthInSteps":16,"typeOfSection":0,"mustHitSection":false},{"sectionNotes":[[9600,7,0],[10800,2,0],[11000,3,0],[10400,3,0],[10000,3,0],[9600,0,0]],"lengthInSteps":16,"typeOfSection":0,"mustHitSection":true},{"sectionNotes":[[11200,1,0],[11600,3,0],[12500,0,0],[12600,3,0],[12000,2,0]],"lengthInSteps":16,"typeOfSection":0,"mustHitSection":true},{"sectionNotes":[[13200,1,0],[13300,0,0],[13500,0,0],[12900,2,0],[13800,2,0],[13900,3,0],[14100,1,0]],"lengthInSteps":16,"typeOfSection":0,"mustHitSection":false},{"sectionNotes":[[15800,2,200],[15100,3,150],[15400,0,150],[15600,0,150],[14900,3,150],[14700,0,150],[14500,1,100]],"lengthInSteps":16,"typeOfSection":0,"mustHitSection":false},{"sectionNotes":[[16000,2,0],[16300,1,0],[16400,0,0],[16600,0,0],[16900,2,0],[17000,3,0],[17200,1,0]],"lengthInSteps":16,"typeOfSection":0,"mustHitSection":true},{"sectionNotes":[[17600,1,0],[17800,0,0],[18000,3,0],[18200,3,0],[18500,0,0],[18700,0,0],[18900,2,0],[19100,4,0]],"lengthInSteps":16,"typeOfSection":0,"mustHitSection":true},{"sectionNotes":[[19200,3,0],[19300,2,0],[19400,0,0],[19800,3,0],[20100,3,0],[20500,3,0],[20700,3,0]],"lengthInSteps":16,"typeOfSection":0,"mustHitSection":false},{"sectionNotes":[[20900,2,0],[21000,3,0],[21400,3,0],[21700,3,0],[22000,1,0],[22300,3,0]],"lengthInSteps":16,"typeOfSection":0,"mustHitSection":false},{"sectionNotes":[[22600,0,0],[22500,2,0],[23000,3,0],[23300,3,0],[23700,3,0],[23900,3,0]],"lengthInSteps":16,"typeOfSection":0,"mustHitSection":false},{"sectionNotes":[[24100,2,0],[24200,3,0],[24600,3,0],[24900,1,0],[25300,2,0],[25500,2,0]],"lengthInSteps":16,"typeOfSection":0,"mustHitSection":false},{"sectionNotes":[[26400,3,0],[27000,3,0],[26100,3,0],[26800,3,0],[25600,2,0],[25700,0,0]],"lengthInSteps":16,"typeOfSection":0,"mustHitSection":true},{"sectionNotes":[[27200,2,0],[27300,3,0],[27700,3,0],[28000,3,0],[28300,1,0],[28400,3,0],[28600,3,0]],"lengthInSteps":16,"typeOfSection":0,"mustHitSection":true},{"sectionNotes":[[29300,3,0],[29600,3,0],[30000,3,0],[30200,3,0],[28800,2,0],[28900,0,0]],"lengthInSteps":16,"typeOfSection":0,"mustHitSection":true},{"sectionNotes":[[30900,3,0],[30400,2,0],[30500,3,0],[31200,1,0],[31600,2,0],[31800,2,0]],"lengthInSteps":16,"typeOfSection":0,"mustHitSection":true},{"sectionNotes":[[32500,3,200],[32900,3,200],[33300,2,0],[33500,3,0],[32200,0,200]],"lengthInSteps":16,"typeOfSection":0,"mustHitSection":false},{"sectionNotes":[[33700,1,150],[33900,3,150],[34500,2,200],[34200,3,150],[35000,0,0],[35100,3,0]],"lengthInSteps":16,"typeOfSection":0,"mustHitSection":false},{"sectionNotes":[[35200,0,0],[35600,3,0],[36000,3,0],[36400,2,0],[36600,3,0]],"lengthInSteps":16,"typeOfSection":0,"mustHitSection":true},{"sectionNotes":[[36800,1,0],[37000,3,0],[37200,3,0],[38100,0,0],[38200,3,0],[37600,2,0]],"lengthInSteps":16,"typeOfSection":0,"mustHitSection":true},{"sectionNotes":[[38500,2,0],[38800,1,0],[38900,0,0],[39100,0,0],[39400,2,0],[39600,0,0],[39700,1,0]],"lengthInSteps":16,"typeOfSection":0,"mustHitSection":false},{"sectionNotes":[[40100,1,0],[40300,0,0],[40500,3,0],[40700,3,0],[41000,0,0],[41200,0,0],[41400,2,0]],"lengthInSteps":16,"typeOfSection":0,"mustHitSection":false},{"sectionNotes":[[41600,2,0],[42000,0,0],[42200,0,0],[42500,2,0],[42700,0,0],[42800,1,0],[41900,1,0]],"lengthInSteps":16,"typeOfSection":0,"mustHitSection":true},{"sectionNotes":[[43200,1,0],[43400,0,0],[43600,3,0],[43800,3,0],[44100,0,0],[44300,0,0],[44500,2,0],[44700,4,0]],"lengthInSteps":16,"typeOfSection":0,"mustHitSection":true},{"sectionNotes":[[46200,3,0],[45700,3,0],[44800,3,0],[44900,2,0],[45000,0,0],[45400,3,0],[45800,3,0],[46100,3,0],[46300,3,0]],"lengthInSteps":16,"typeOfSection":0,"mustHitSection":false},{"sectionNotes":[[46500,2,0],[46600,3,0],[47000,3,0],[47300,3,0],[47400,1,0],[47700,3,0],[47900,3,0]],"lengthInSteps":16,"typeOfSection":0,"mustHitSection":false},{"sectionNotes":[[48100,2,0],[48200,0,0],[48600,3,0],[48900,3,0],[49300,3,0],[49500,3,0]],"lengthInSteps":16,"typeOfSection":0,"mustHitSection":false},{"sectionNotes":[[50800,4,0],[51000,7,0],[49700,2,0],[49800,3,0],[50200,3,0],[50500,3,0]],"lengthInSteps":16,"typeOfSection":0,"mustHitSection":false},{"sectionNotes":[[52000,3,0],[52600,3,0],[51700,3,0],[52400,3,0],[51200,2,0],[51300,0,0],[52100,3,0]],"lengthInSteps":16,"typeOfSection":0,"mustHitSection":true},{"sectionNotes":[[52800,2,0],[52900,3,0],[53300,3,0],[53600,3,0],[54000,3,0],[54200,3,0],[53700,1,0]],"lengthInSteps":16,"typeOfSection":0,"mustHitSection":true},{"sectionNotes":[[54900,3,0],[55200,3,0],[55600,3,0],[55800,3,0],[54400,2,0],[54500,0,0]],"lengthInSteps":16,"typeOfSection":0,"mustHitSection":true},{"sectionNotes":[[56500,3,0],[56000,2,0],[56100,3,0],[56800,3,0],[57300,4,0],[57500,7,0]],"lengthInSteps":16,"typeOfSection":0,"mustHitSection":true},{"sectionNotes":[[57700,2,400],[58200,3,400],[58700,1,200],[59000,2,200]],"lengthInSteps":16,"typeOfSection":0,"mustHitSection":false},{"sectionNotes":[[59300,2,100],[59500,3,100],[59700,0,300],[60100,1,300],[60500,2,200]],"lengthInSteps":16,"typeOfSection":0,"mustHitSection":false},{"sectionNotes":[[60900,1,0],[61300,1,0],[61500,3,0],[61900,3,0],[62100,0,0],[62300,3,0]],"lengthInSteps":16,"typeOfSection":0,"mustHitSection":false},{"sectionNotes":[[62500,1,0],[62900,1,0],[63100,3,0],[63500,3,0],[63700,0,0],[63900,3,0]],"lengthInSteps":16,"typeOfSection":0,"mustHitSection":false},{"sectionNotes":[[64000,2,300],[64400,3,400],[64900,1,200],[65200,2,200]],"lengthInSteps":16,"typeOfSection":0,"mustHitSection":true},{"typeOfSection":0,"sectionNotes":[[65600,2,100],[65800,3,100],[66000,0,300],[66400,1,300],[66800,2,200]],"lengthInSteps":16,"bpm":150,"changeBPM":false,"mustHitSection":true},{"typeOfSection":0,"sectionNotes":[[67200,1,0],[67600,1,0],[67800,3,0],[68200,3,0],[68400,0,0],[68600,3,0]],"lengthInSteps":16,"bpm":150,"changeBPM":false,"mustHitSection":true},{"typeOfSection":0,"sectionNotes":[[68800,1,0],[69200,1,0],[69400,3,0],[69800,3,0],[70000,0,0],[70200,3,0]],"lengthInSteps":16,"bpm":150,"changeBPM":false,"mustHitSection":true},{"typeOfSection":0,"sectionNotes":[[70700,2,0],[70500,2,0],[70900,3,0],[71100,2,0],[71500,3,0],[71800,1,0],[71900,3,0]],"lengthInSteps":16,"bpm":150,"changeBPM":false,"mustHitSection":false},{"typeOfSection":0,"sectionNotes":[[72100,2,0],[72300,2,0],[72500,3,0],[72700,2,0],[73100,3,0],[73400,1,0]],"lengthInSteps":16,"bpm":150,"changeBPM":false,"mustHitSection":false},{"typeOfSection":0,"sectionNotes":[[73700,2,0],[73900,2,0],[74100,3,0],[74300,2,0],[74700,3,0],[75000,1,0],[75100,3,0]],"lengthInSteps":16,"bpm":150,"changeBPM":false,"mustHitSection":false},{"typeOfSection":0,"sectionNotes":[[75200,4,300],[75600,5,300],[76000,7,300],[76400,5,300],[75300,2,0],[75500,2,0],[75700,3,0],[75900,2,0],[76300,3,0],[76600,1,0]],"lengthInSteps":16,"bpm":157,"changeBPM":false,"mustHitSection":false},{"typeOfSection":0,"sectionNotes":[[76800,2,0],[77200,3,0],[77400,2,0],[77800,3,0],[78100,1,0],[77000,2,0],[78200,3,0],[76800,7,0]],"lengthInSteps":16,"bpm":150,"changeBPM":false,"mustHitSection":true},{"typeOfSection":0,"sectionNotes":[[78400,2,0],[78800,3,0],[79000,2,0],[79400,3,0],[79700,1,0],[78600,2,0]],"lengthInSteps":16,"bpm":150,"changeBPM":false,"mustHitSection":true},{"typeOfSection":0,"sectionNotes":[[80000,2,0],[80400,3,0],[80600,2,0],[81000,3,0],[81300,1,0],[80200,2,0]],"lengthInSteps":16,"bpm":150,"changeBPM":false,"mustHitSection":true},{"typeOfSection":0,"sectionNotes":[[81600,2,0],[82000,3,0],[82200,2,0],[82600,3,0],[82900,1,0],[81800,2,0],[81700,4,300],[82100,5,300],[82500,7,300],[82900,5,300]],"lengthInSteps":16,"bpm":150,"changeBPM":false,"mustHitSection":true},{"typeOfSection":0,"sectionNotes":[[83300,2,0],[83500,2,0],[83700,3,0],[83900,2,0],[84300,3,0],[84600,1,0],[84700,3,0]],"lengthInSteps":16,"bpm":150,"changeBPM":false,"mustHitSection":false},{"typeOfSection":0,"sectionNotes":[[84900,2,0],[85100,2,0],[85300,3,0],[85500,2,0],[85900,3,0],[86200,1,0]],"lengthInSteps":16,"bpm":150,"changeBPM":false,"mustHitSection":false},{"typeOfSection":0,"sectionNotes":[[86500,2,0],[86700,2,0],[86900,3,0],[87100,2,0],[87500,3,0],[87800,1,0],[87900,3,0]],"lengthInSteps":16,"bpm":150,"changeBPM":false,"mustHitSection":false},{"typeOfSection":0,"sectionNotes":[[88000,4,300],[88400,5,300],[88800,7,300],[89200,5,300],[88100,2,0],[88300,2,0],[88500,3,0],[88700,2,0],[89100,3,0],[89400,1,0],[89500,3,0]],"lengthInSteps":16,"bpm":150,"changeBPM":false,"mustHitSection":false},{"typeOfSection":0,"sectionNotes":[[89600,2,0],[90000,3,0],[90200,2,0],[90600,3,0],[90900,1,0],[89800,2,0]],"lengthInSteps":16,"bpm":150,"changeBPM":false,"mustHitSection":true},{"typeOfSection":0,"sectionNotes":[[91200,2,0],[91600,3,0],[91800,2,0],[92200,3,0],[92500,1,0],[91400,2,0],[91200,2,0],[91600,3,0],[91800,2,0],[92200,3,0],[92500,1,0],[91400,2,0]],"lengthInSteps":16,"bpm":150,"changeBPM":false,"mustHitSection":true},{"typeOfSection":0,"sectionNotes":[[92800,2,0],[93200,3,0],[93400,2,0],[93800,3,0],[94100,1,0],[93000,2,0]],"lengthInSteps":16,"bpm":150,"changeBPM":false,"mustHitSection":true},{"typeOfSection":0,"sectionNotes":[[94400,2,0],[94800,3,0],[95000,2,0],[95400,3,0],[95700,1,0],[94600,2,0],[94500,4,300],[94900,5,300],[95300,7,300],[95700,5,300]],"lengthInSteps":16,"bpm":150,"changeBPM":false,"mustHitSection":true},{"typeOfSection":0,"sectionNotes":[],"lengthInSteps":16,"bpm":150,"changeBPM":false,"mustHitSection":true},{"typeOfSection":0,"sectionNotes":[],"lengthInSteps":16,"bpm":150,"changeBPM":false,"mustHitSection":true},{"typeOfSection":0,"sectionNotes":[],"lengthInSteps":16,"bpm":150,"changeBPM":false,"mustHitSection":true},{"lengthInSteps":16,"altAnim":false,"typeOfSection":0,"sectionNotes":[],"bpm":150,"changeBPM":false,"mustHitSection":true},{"lengthInSteps":16,"altAnim":false,"typeOfSection":0,"sectionNotes":[],"bpm":150,"changeBPM":false,"mustHitSection":true}],"song":"Spookeez","validScore":true,"sections":0,"needsVoices":true,"speed":1.7,"bpm":150}}