{"song":{"sectionLengths":[],"player1":"bf","player2":"spooky","notes":[{"sectionNotes":[],"lengthInSteps":16,"typeOfSection":0,"mustHitSection":true},{"sectionNotes":[],"lengthInSteps":16,"typeOfSection":0,"mustHitSection":true},{"sectionNotes":[],"lengthInSteps":16,"typeOfSection":0,"mustHitSection":true},{"sectionNotes":[],"lengthInSteps":16,"typeOfSection":0,"mustHitSection":true},{"sectionNotes":[[6600,0,0],[6800,1,0],[7000,3,0],[7400,3,0],[7800,2,0]],"lengthInSteps":16,"typeOfSection":0,"mustHitSection":false},{"sectionNotes":[[8400,3,0],[8800,2,0],[8000,3,0],[8200,1,0],[8600,3,0],[9500,0,0]],"lengthInSteps":16,"typeOfSection":0,"mustHitSection":false},{"sectionNotes":[[9600,0,0],[9800,1,0],[10000,3,0],[10400,3,0],[10800,2,0],[11000,3,0],[9600,7,0]],"lengthInSteps":16,"typeOfSection":0,"mustHitSection":true},{"sectionNotes":[[11200,1,0],[11400,3,0],[11600,3,0],[12500,0,0],[12600,3,0],[12000,2,0]],"lengthInSteps":16,"typeOfSection":0,"mustHitSection":true},{"sectionNotes":[[12800,2,0],[13400,0,0],[13000,2,0],[13200,3,0],[13300,1,0],[13600,0,0],[13700,1,0],[13900,2,0],[14000,3,0],[14100,0,0],[14200,1,0]],"lengthInSteps":16,"typeOfSection":0,"mustHitSection":false},{"sectionNotes":[[15100,1,0],[15000,3,0],[15500,0,0],[14600,1,0],[14800,0,0],[14900,1,0],[15200,3,0],[15700,0,0],[15900,2,0]],"lengthInSteps":16,"typeOfSection":0,"mustHitSection":false},{"sectionNotes":[[16000,2,0],[16200,3,0],[16300,1,0],[16400,0,0],[16600,0,0],[16700,1,0],[16900,2,0],[17000,3,0],[17100,0,0],[17200,1,0]],"lengthInSteps":16,"typeOfSection":0,"mustHitSection":true},{"sectionNotes":[[17900,1,0],[18300,1,0],[17600,1,0],[17800,0,0],[18000,3,0],[18200,3,0],[18500,0,0],[18700,0,0],[18900,2,0],[19000,4,0],[19100,7,0]],"lengthInSteps":16,"typeOfSection":0,"mustHitSection":true},{"sectionNotes":[[20600,3,0],[19700,3,0],[20400,3,0],[19200,0,0],[19300,3,0],[19600,2,0],[19700,1,0],[19900,3,0],[20200,3,0]],"lengthInSteps":16,"typeOfSection":0,"mustHitSection":false},{"sectionNotes":[[20900,3,0],[22000,3,0],[22200,3,0],[21000,2,0],[21100,3,0],[21200,0,0],[21300,1,0],[21500,3,0],[21800,3,0],[22100,1,0]],"lengthInSteps":16,"typeOfSection":0,"mustHitSection":false},{"sectionNotes":[[23600,3,0],[23800,3,0],[22400,2,0],[22500,3,0],[23100,3,0],[23400,3,0],[22700,3,0],[22800,0,0],[23000,1,0]],"lengthInSteps":16,"typeOfSection":0,"mustHitSection":false},{"sectionNotes":[[25400,2,0],[24000,3,0],[24200,3,0],[24100,2,0],[24300,0,0],[24400,1,0],[24700,3,0],[25000,1,0]],"lengthInSteps":16,"typeOfSection":0,"mustHitSection":false},{"sectionNotes":[[26400,3,0],[27000,3,0],[26100,3,0],[26800,3,0],[25600,2,0],[25700,0,0],[25800,3,0],[25900,1,0],[25600,6,0]],"lengthInSteps":16,"typeOfSection":0,"mustHitSection":true},{"sectionNotes":[[27200,2,0],[27500,1,0],[27300,3,0],[27400,0,0],[27700,3,0],[28000,3,0],[28300,1,0],[28400,3,0],[28600,3,0]],"lengthInSteps":16,"typeOfSection":0,"mustHitSection":true},{"sectionNotes":[[29300,3,0],[29600,3,0],[30000,3,0],[30200,3,0],[29100,1,0],[28800,2,0],[28900,0,0],[29000,3,0]],"lengthInSteps":16,"typeOfSection":0,"mustHitSection":true},{"sectionNotes":[[30900,3,0],[30700,1,0],[30400,2,0],[30600,0,0],[30500,3,0],[31200,1,0],[31600,2,0],[31800,2,0]],"lengthInSteps":16,"typeOfSection":0,"mustHitSection":true},{"sectionNotes":[[32200,0,0],[32400,1,0],[32600,3,0],[33000,3,0],[33400,2,0]],"lengthInSteps":16,"typeOfSection":0,"mustHitSection":false},{"sectionNotes":[[34000,3,0],[33600,3,0],[33800,1,0],[34200,3,0],[34600,2,0],[35100,0,0]],"lengthInSteps":16,"typeOfSection":0,"mustHitSection":false},{"sectionNotes":[[35200,0,0],[35400,1,0],[35600,3,0],[36000,3,0],[36400,2,0],[36600,3,0],[35200,7,0]],"lengthInSteps":16,"typeOfSection":0,"mustHitSection":true},{"sectionNotes":[[36800,1,0],[37000,3,0],[37200,3,0],[38100,0,0],[38200,3,0],[37600,2,0]],"lengthInSteps":16,"typeOfSection":0,"mustHitSection":true},{"sectionNotes":[[39000,0,0],[38600,2,0],[38800,3,0],[39200,0,0],[39100,1,0],[39500,2,0],[39600,3,0],[39700,0,0],[39800,1,0]],"lengthInSteps":16,"typeOfSection":0,"mustHitSection":false},{"sectionNotes":[[40700,1,0],[40000,1,0],[40600,3,0],[41100,0,0],[40200,1,0],[40400,0,0],[40800,3,0],[41300,0,0],[41500,2,0]],"lengthInSteps":16,"typeOfSection":0,"mustHitSection":false},{"sectionNotes":[[41600,2,0],[41800,3,0],[41900,1,0],[42000,0,0],[42200,0,0],[42300,1,0],[42500,2,0],[42600,3,0],[42700,0,0],[42800,1,0]],"lengthInSteps":16,"typeOfSection":0,"mustHitSection":true},{"sectionNotes":[[43500,1,0],[43900,1,0],[43200,1,0],[43400,0,0],[43600,3,0],[43800,3,0],[44100,0,0],[44300,0,0],[44500,2,0]],"lengthInSteps":16,"typeOfSection":0,"mustHitSection":true},{"sectionNotes":[[46200,3,0],[44800,0,0],[44900,3,0],[45000,2,0],[45100,0,0],[45300,1,0],[45500,3,0],[45200,3,0],[45900,3,0],[46000,3,0]],"lengthInSteps":16,"typeOfSection":0,"mustHitSection":false},{"sectionNotes":[[47200,3,0],[47800,3,0],[46600,2,0],[46800,0,0],[46900,1,0],[47100,3,0],[47400,3,0],[47500,1,0],[47700,0,0]],"lengthInSteps":16,"typeOfSection":0,"mustHitSection":false},{"sectionNotes":[[48500,3,0],[49200,3,0],[49400,3,0],[48000,3,0],[48200,2,0],[48300,0,0],[48500,1,0],[48600,3,0],[48700,3,0],[49000,3,0]],"lengthInSteps":16,"typeOfSection":0,"mustHitSection":false},{"sectionNotes":[[50800,4,0],[51000,7,0],[49800,2,0],[49900,3,0],[50000,0,0],[50100,1,0],[50300,3,0],[50600,3,0]],"lengthInSteps":16,"typeOfSection":0,"mustHitSection":false},{"sectionNotes":[[52000,3,0],[52600,3,0],[51700,3,0],[52400,3,0],[51200,2,0],[51300,0,0],[51400,3,0],[51500,1,0],[52100,3,0]],"lengthInSteps":16,"typeOfSection":0,"mustHitSection":true},{"sectionNotes":[[52800,2,0],[53100,1,0],[52900,3,0],[53000,0,0],[53300,3,0],[53600,3,0],[54000,3,0],[54200,3,0],[53700,1,0],[53900,0,0],[53938,2,0]],"lengthInSteps":16,"typeOfSection":0,"mustHitSection":true},{"sectionNotes":[[54900,3,0],[55200,3,0],[55600,3,0],[55800,3,0],[54700,1,0],[54400,2,0],[54500,0,0],[54600,3,0]],"lengthInSteps":16,"typeOfSection":0,"mustHitSection":true},{"sectionNotes":[[56500,3,0],[56300,1,0],[56000,2,0],[56200,0,0],[56100,3,0],[56800,3,0],[57400,7,0],[57400,4,0]],"lengthInSteps":16,"typeOfSection":0,"mustHitSection":true},{"sectionNotes":[[57600,3,0],[57800,2,300],[58200,3,400],[59000,2,200],[58700,1,200]],"lengthInSteps":16,"typeOfSection":0,"mustHitSection":false},{"sectionNotes":[[59400,2,100],[59600,3,100],[59800,0,300],[60200,1,300],[60600,2,200]],"lengthInSteps":16,"typeOfSection":0,"mustHitSection":false},{"sectionNotes":[[62200,3,0],[61000,1,0],[61400,1,0],[61600,3,0],[62000,3,0],[62200,0,0]],"lengthInSteps":16,"typeOfSection":0,"mustHitSection":false},{"sectionNotes":[[63400,3,0],[62400,3,0],[62600,1,0],[63000,1,0],[63600,3,0],[63800,0,0],[63200,3,0]],"lengthInSteps":16,"typeOfSection":0,"mustHitSection":false},{"sectionNotes":[[64000,2,300],[64400,3,400],[64900,1,200],[65200,2,200],[64000,7,0]],"lengthInSteps":16,"typeOfSection":0,"mustHitSection":true},{"typeOfSection":0,"sectionNotes":[[65600,2,100],[65800,3,100],[66000,0,300],[66400,1,300],[66800,2,200]],"lengthInSteps":16,"bpm":150,"changeBPM":false,"mustHitSection":true},{"typeOfSection":0,"sectionNotes":[[67200,1,0],[67600,1,0],[67800,3,0],[68200,3,0],[68400,0,0],[68600,3,0]],"lengthInSteps":16,"bpm":150,"changeBPM":false,"mustHitSection":true},{"typeOfSection":0,"sectionNotes":[[68800,1,0],[69200,1,0],[69400,3,0],[69800,3,0],[70000,0,0],[70200,3,0]],"lengthInSteps":16,"bpm":150,"changeBPM":false,"mustHitSection":true},{"typeOfSection":0,"sectionNotes":[[71700,1,0],[70600,2,0],[70800,2,0],[71000,3,0],[71200,2,0],[71600,3,0],[71900,1,0]],"lengthInSteps":16,"bpm":150,"changeBPM":false,"mustHitSection":false},{"typeOfSection":0,"sectionNotes":[[72400,3,0],[73000,3,0],[72200,2,0],[72000,3,0],[72600,3,0],[72800,2,0],[73200,3,0],[73500,1,0]],"lengthInSteps":16,"bpm":150,"changeBPM":false,"mustHitSection":false},{"typeOfSection":0,"sectionNotes":[[74000,3,0],[74900,1,0],[73800,2,0],[75000,3,0],[74000,2,0],[74200,3,0],[74400,2,0],[74800,3,0],[74600,3,0],[75100,1,0]],"lengthInSteps":16,"bpm":150,"changeBPM":false,"mustHitSection":false},{"typeOfSection":0,"sectionNotes":[[75600,3,0],[76200,3,0],[75400,2,0],[75200,4,300],[75600,5,300],[76000,7,300],[76400,5,300],[75200,3,0],[75600,3,0],[75400,2,0],[76600,3,0],[75800,3,0],[76000,2,0],[76200,3,0],[76700,1,0]],"lengthInSteps":16,"bpm":157,"changeBPM":false,"mustHitSection":false},{"typeOfSection":0,"sectionNotes":[[76800,2,0],[77200,3,0],[77400,2,0],[77800,3,0],[78100,1,0],[77000,2,0],[78200,3,0]],"lengthInSteps":16,"bpm":150,"changeBPM":false,"mustHitSection":true},{"typeOfSection":0,"sectionNotes":[[78400,2,0],[78800,3,0],[79000,2,0],[79400,3,0],[79700,1,0],[78600,2,0]],"lengthInSteps":16,"bpm":150,"changeBPM":false,"mustHitSection":true},{"typeOfSection":0,"sectionNotes":[[80000,2,0],[80400,3,0],[80600,2,0],[81000,3,0],[81300,1,0],[80200,2,0]],"lengthInSteps":16,"bpm":150,"changeBPM":false,"mustHitSection":true},{"typeOfSection":0,"sectionNotes":[[81600,2,0],[82000,3,0],[82200,2,0],[82600,3,0],[82900,1,0],[81800,2,0],[81800,4,300],[82200,5,300],[82600,7,300],[83000,5,300]],"lengthInSteps":16,"bpm":150,"changeBPM":false,"mustHitSection":true},{"typeOfSection":0,"sectionNotes":[[83400,2,0],[84600,3,0],[83600,2,0],[83800,3,0],[84000,2,0],[84400,3,0],[84700,1,0]],"lengthInSteps":16,"bpm":150,"changeBPM":false,"mustHitSection":false},{"typeOfSection":0,"sectionNotes":[[85200,3,0],[84800,3,0],[85400,3,0],[85000,2,0],[85800,2,0],[86000,3,0],[86300,1,0]],"lengthInSteps":16,"bpm":150,"changeBPM":false,"mustHitSection":false},{"typeOfSection":0,"sectionNotes":[[86600,2,0],[86800,2,0],[87000,3,0],[87200,2,0],[87600,3,0],[87900,1,0]],"lengthInSteps":16,"bpm":150,"changeBPM":false,"mustHitSection":false},{"typeOfSection":0,"sectionNotes":[[88200,2,0],[88000,4,300],[88400,5,300],[88800,7,300],[89200,5,300],[88000,3,0],[88400,2,0],[88600,3,0],[88800,2,0],[89200,3,0],[89500,1,0]],"lengthInSteps":16,"bpm":150,"changeBPM":false,"mustHitSection":false},{"typeOfSection":0,"sectionNotes":[[89600,2,0],[90000,3,0],[90200,2,0],[90600,3,0],[90900,1,0],[89800,2,0]],"lengthInSteps":16,"bpm":150,"changeBPM":false,"mustHitSection":true},{"typeOfSection":0,"sectionNotes":[[91200,2,0],[91600,3,0],[91800,2,0],[92200,3,0],[92500,1,0],[91400,2,0],[91200,2,0],[91600,3,0],[91800,2,0],[92200,3,0],[92500,1,0],[91400,2,0]],"lengthInSteps":16,"bpm":150,"changeBPM":false,"mustHitSection":true},{"typeOfSection":0,"sectionNotes":[[92800,2,0],[93200,3,0],[93400,2,0],[93800,3,0],[94100,1,0],[93000,2,0]],"lengthInSteps":16,"bpm":150,"changeBPM":false,"mustHitSection":true},{"typeOfSection":0,"sectionNotes":[[94400,2,0],[94800,3,0],[95000,2,0],[95400,3,0],[95700,1,0],[94600,2,0],[94600,4,300],[95000,5,300],[95400,7,300],[95800,5,300]],"lengthInSteps":16,"bpm":150,"changeBPM":false,"mustHitSection":true},{"typeOfSection":0,"sectionNotes":[],"lengthInSteps":16,"bpm":150,"changeBPM":false,"mustHitSection":true},{"typeOfSection":0,"sectionNotes":[],"lengthInSteps":16,"bpm":150,"changeBPM":false,"mustHitSection":true},{"typeOfSection":0,"sectionNotes":[],"lengthInSteps":16,"bpm":150,"changeBPM":false,"mustHitSection":true},{"lengthInSteps":16,"altAnim":false,"typeOfSection":0,"sectionNotes":[],"bpm":150,"changeBPM":false,"mustHitSection":true},{"lengthInSteps":16,"altAnim":false,"typeOfSection":0,"sectionNotes":[],"bpm":150,"changeBPM":false,"mustHitSection":true},{"lengthInSteps":16,"altAnim":false,"typeOfSection":0,"sectionNotes":[],"bpm":150,"changeBPM":false,"mustHitSection":true}],"song":"Spookeez","validScore":true,"sections":0,"needsVoices":true,"speed":2.4,"bpm":150}}