{"song":{"sectionLengths":[],"player1":"bf","player2":"spooky","notes":[{"sectionNotes":[],"lengthInSteps":16,"typeOfSection":0,"mustHitSection":true},{"sectionNotes":[],"lengthInSteps":16,"typeOfSection":0,"mustHitSection":true},{"sectionNotes":[],"lengthInSteps":16,"typeOfSection":0,"mustHitSection":true},{"sectionNotes":[],"lengthInSteps":16,"typeOfSection":0,"mustHitSection":true},{"sectionNotes":[[6600,0,0],[7000,3,0],[7400,3,0],[7800,2,0]],"lengthInSteps":16,"typeOfSection":0,"mustHitSection":false},{"sectionNotes":[[8200,1,0],[8600,3,0],[9000,2,0],[9500,0,0]],"lengthInSteps":16,"typeOfSection":0,"mustHitSection":false},{"sectionNotes":[[9600,0,0],[10000,3,0],[10400,3,0],[10800,2,0],[9600,7,0]],"lengthInSteps":16,"typeOfSection":0,"mustHitSection":true},{"sectionNotes":[[11200,1,0],[11600,3,0],[12500,0,0],[12600,3,0],[12000,2,0]],"lengthInSteps":16,"typeOfSection":0,"mustHitSection":true},{"sectionNotes":[[13000,2,0],[13400,0,0],[13900,2,0],[14100,0,0]],"lengthInSteps":16,"typeOfSection":0,"mustHitSection":false},{"sectionNotes":[[14600,1,0],[15000,3,0],[15300,1,0],[15900,2,0]],"lengthInSteps":16,"typeOfSection":0,"mustHitSection":false},{"sectionNotes":[[16000,2,0],[16400,0,0],[16900,2,0],[17100,0,0]],"lengthInSteps":16,"typeOfSection":0,"mustHitSection":true},{"sectionNotes":[[18300,1,0],[17600,1,0],[18000,3,0],[18900,2,0]],"lengthInSteps":16,"typeOfSection":0,"mustHitSection":true},{"sectionNotes":[[19400,2,0],[19700,1,0],[19900,3,0],[19200,0,0],[20300,3,0],[20500,3,0],[20700,3,0]],"lengthInSteps":16,"typeOfSection":0,"mustHitSection":false},{"sectionNotes":[[21000,2,0],[21300,1,0],[21500,3,0],[21800,3,0],[22100,1,0],[22200,3,0]],"lengthInSteps":16,"typeOfSection":0,"mustHitSection":false},{"sectionNotes":[[23800,3,0],[22600,2,0],[22900,1,0],[23100,3,0],[23400,3,0]],"lengthInSteps":16,"typeOfSection":0,"mustHitSection":false},{"sectionNotes":[[24000,3,0],[24200,2,0],[24500,1,0],[24700,3,0],[25400,2,0]],"lengthInSteps":16,"typeOfSection":0,"mustHitSection":false},{"sectionNotes":[[26400,3,0],[27000,3,0],[26100,3,0],[26800,3,0],[25600,2,0],[25900,1,0]],"lengthInSteps":16,"typeOfSection":0,"mustHitSection":true},{"sectionNotes":[[27200,2,0],[27500,1,0],[27700,3,0],[28000,3,0],[28400,3,0],[28300,1,0]],"lengthInSteps":16,"typeOfSection":0,"mustHitSection":true},{"sectionNotes":[[29300,3,0],[29600,3,0],[30000,3,0],[30200,3,0],[29100,1,0],[28800,2,0]],"lengthInSteps":16,"typeOfSection":0,"mustHitSection":true},{"sectionNotes":[[30900,3,0],[30700,1,0],[30400,2,0],[31600,2,0]],"lengthInSteps":16,"typeOfSection":0,"mustHitSection":true},{"sectionNotes":[[32200,0,0],[32600,3,0],[33000,3,0],[33400,2,0]],"lengthInSteps":16,"typeOfSection":0,"mustHitSection":false},{"sectionNotes":[[33800,1,0],[34200,3,0],[34600,2,0],[35100,0,0]],"lengthInSteps":16,"typeOfSection":0,"mustHitSection":false},{"sectionNotes":[[35200,0,0],[35600,3,0],[36000,3,0],[36400,2,0]],"lengthInSteps":16,"typeOfSection":0,"mustHitSection":true},{"sectionNotes":[[36800,1,0],[37200,3,0],[38100,0,0],[37600,2,0]],"lengthInSteps":16,"typeOfSection":0,"mustHitSection":true},{"sectionNotes":[[39000,0,0],[38600,2,0],[39200,0,0],[39600,3,0],[39800,1,0]],"lengthInSteps":16,"typeOfSection":0,"mustHitSection":false},{"sectionNotes":[[40200,1,0],[40600,3,0],[40900,1,0],[41100,0,0],[41500,2,0]],"lengthInSteps":16,"typeOfSection":0,"mustHitSection":false},{"sectionNotes":[[42200,0,0],[42600,3,0],[42800,1,0],[42000,0,0],[41600,2,0]],"lengthInSteps":16,"typeOfSection":0,"mustHitSection":true},{"sectionNotes":[[43900,1,0],[43200,1,0],[43600,3,0],[44100,0,0],[44500,2,0]],"lengthInSteps":16,"typeOfSection":0,"mustHitSection":true},{"sectionNotes":[[44800,0,0],[44900,3,0],[45000,2,0],[45300,1,0],[45500,3,0],[45800,3,0],[46200,3,0]],"lengthInSteps":16,"typeOfSection":0,"mustHitSection":false},{"sectionNotes":[[46600,2,0],[46900,1,0],[47100,3,0],[47500,1,0],[47700,0,0]],"lengthInSteps":16,"typeOfSection":0,"mustHitSection":false},{"sectionNotes":[[49200,3,0],[49400,3,0],[48200,2,0],[48500,1,0],[49000,3,0]],"lengthInSteps":16,"typeOfSection":0,"mustHitSection":false},{"sectionNotes":[[50800,4,0],[51000,7,0],[49600,3,0],[49800,2,0],[50100,1,0],[50500,3,0],[50700,3,0]],"lengthInSteps":16,"typeOfSection":0,"mustHitSection":false},{"sectionNotes":[[52000,3,0],[51700,3,0],[52400,3,0],[51200,2,0],[51500,1,0]],"lengthInSteps":16,"typeOfSection":0,"mustHitSection":true},{"sectionNotes":[[52800,2,0],[53100,1,0],[53300,3,0],[53700,1,0],[53900,0,0]],"lengthInSteps":16,"typeOfSection":0,"mustHitSection":true},{"sectionNotes":[[54900,3,0],[55200,3,0],[55600,3,0],[55800,3,0],[54700,1,0],[54400,2,0]],"lengthInSteps":16,"typeOfSection":0,"mustHitSection":true},{"sectionNotes":[[56500,3,0],[56300,1,0],[56000,2,0],[56800,3,0],[56900,4,0],[56800,4,0],[56700,4,0],[57100,4,0],[57300,5,0]],"lengthInSteps":16,"typeOfSection":0,"mustHitSection":true},{"sectionNotes":[[57800,2,300],[58200,3,400],[58700,1,200],[59000,2,200]],"lengthInSteps":16,"typeOfSection":0,"mustHitSection":false},{"sectionNotes":[[59200,2,100],[59600,0,300],[59400,2,100],[59800,0,300],[60200,1,300],[60600,2,200]],"lengthInSteps":16,"typeOfSection":0,"mustHitSection":false},{"sectionNotes":[[61000,1,0],[61400,1,0],[62000,3,0],[62200,0,0]],"lengthInSteps":16,"typeOfSection":0,"mustHitSection":false},{"sectionNotes":[[62600,1,0],[63000,1,0],[63600,3,0],[63800,0,0]],"lengthInSteps":16,"typeOfSection":0,"mustHitSection":false},{"sectionNotes":[[64000,2,300],[64400,3,400],[64900,1,200],[65200,2,200]],"lengthInSteps":16,"typeOfSection":0,"mustHitSection":true},{"typeOfSection":0,"sectionNotes":[[65600,2,100],[66000,0,300],[66400,1,300],[66800,2,200]],"lengthInSteps":16,"bpm":150,"changeBPM":false,"mustHitSection":true},{"typeOfSection":0,"sectionNotes":[[67200,1,0],[67600,1,0],[68200,3,0],[68400,0,0]],"lengthInSteps":16,"bpm":150,"changeBPM":false,"mustHitSection":true},{"typeOfSection":0,"sectionNotes":[[68800,1,0],[69200,1,0],[69800,3,0],[70000,0,0]],"lengthInSteps":16,"bpm":150,"changeBPM":false,"mustHitSection":true},{"typeOfSection":0,"sectionNotes":[[70600,2,0],[70800,2,0],[71200,2,0],[71600,3,0],[71900,1,0]],"lengthInSteps":16,"bpm":150,"changeBPM":false,"mustHitSection":false},{"typeOfSection":0,"sectionNotes":[[72200,2,0],[72400,2,0],[72800,2,0],[73200,3,0],[73500,1,0]],"lengthInSteps":16,"bpm":150,"changeBPM":false,"mustHitSection":false},{"typeOfSection":0,"sectionNotes":[[73800,2,0],[74000,2,0],[74400,2,0],[74800,3,0],[75100,1,0]],"lengthInSteps":16,"bpm":150,"changeBPM":false,"mustHitSection":false},{"typeOfSection":0,"sectionNotes":[[75200,4,300],[75600,5,300],[76000,7,300],[76400,5,300],[75400,2,0],[75600,2,0],[76000,2,0],[76400,3,0],[76700,1,0]],"lengthInSteps":16,"bpm":157,"changeBPM":false,"mustHitSection":false},{"typeOfSection":0,"sectionNotes":[[76800,2,0],[77400,2,0],[77800,3,0],[78100,1,0],[77000,2,0]],"lengthInSteps":16,"bpm":150,"changeBPM":false,"mustHitSection":true},{"typeOfSection":0,"sectionNotes":[[78400,2,0],[79000,2,0],[79400,3,0],[79700,1,0],[78600,2,0]],"lengthInSteps":16,"bpm":150,"changeBPM":false,"mustHitSection":true},{"typeOfSection":0,"sectionNotes":[[80000,2,0],[80600,2,0],[81000,3,0],[81300,1,0],[80200,2,0]],"lengthInSteps":16,"bpm":150,"changeBPM":false,"mustHitSection":true},{"typeOfSection":0,"sectionNotes":[[81600,2,0],[82200,2,0],[82600,3,0],[82900,1,0],[81800,2,0],[81800,4,300],[82200,5,300],[82600,7,300],[83000,5,300]],"lengthInSteps":16,"bpm":150,"changeBPM":false,"mustHitSection":true},{"typeOfSection":0,"sectionNotes":[[83400,2,0],[83600,2,0],[84000,2,0],[84400,3,0],[84700,1,0]],"lengthInSteps":16,"bpm":150,"changeBPM":false,"mustHitSection":false},{"typeOfSection":0,"sectionNotes":[[85000,2,0],[85200,2,0],[85600,2,0],[86000,3,0],[86300,1,0]],"lengthInSteps":16,"bpm":150,"changeBPM":false,"mustHitSection":false},{"typeOfSection":0,"sectionNotes":[[86600,2,0],[86800,2,0],[87200,2,0],[87600,3,0],[87900,1,0]],"lengthInSteps":16,"bpm":150,"changeBPM":false,"mustHitSection":false},{"typeOfSection":0,"sectionNotes":[[88000,4,300],[88400,5,300],[88800,7,300],[89200,5,300],[88200,2,0],[88400,2,0],[88800,2,0],[89200,3,0],[89500,1,0]],"lengthInSteps":16,"bpm":150,"changeBPM":false,"mustHitSection":false},{"typeOfSection":0,"sectionNotes":[[89600,2,0],[90200,2,0],[90600,3,0],[90900,1,0],[89800,2,0]],"lengthInSteps":16,"bpm":150,"changeBPM":false,"mustHitSection":true},{"typeOfSection":0,"sectionNotes":[[91200,2,0],[91800,2,0],[92200,3,0],[92500,1,0],[91400,2,0],[91200,2,0],[91800,2,0],[92200,3,0],[92500,1,0],[91400,2,0]],"lengthInSteps":16,"bpm":150,"changeBPM":false,"mustHitSection":true},{"typeOfSection":0,"sectionNotes":[[92800,2,0],[93400,2,0],[93800,3,0],[94100,1,0],[93000,2,0]],"lengthInSteps":16,"bpm":150,"changeBPM":false,"mustHitSection":true},{"typeOfSection":0,"sectionNotes":[[94400,2,0],[95000,2,0],[95400,3,0],[95700,1,0],[94600,2,0]],"lengthInSteps":16,"bpm":150,"changeBPM":false,"mustHitSection":true},{"typeOfSection":0,"sectionNotes":[],"lengthInSteps":16,"bpm":150,"changeBPM":false,"mustHitSection":true},{"typeOfSection":0,"sectionNotes":[],"lengthInSteps":16,"bpm":150,"changeBPM":false,"mustHitSection":true},{"typeOfSection":0,"sectionNotes":[],"lengthInSteps":16,"bpm":150,"changeBPM":false,"mustHitSection":true},{"typeOfSection":0,"sectionNotes":[],"lengthInSteps":16,"bpm":150,"changeBPM":false,"mustHitSection":true},{"typeOfSection":0,"sectionNotes":[],"lengthInSteps":16,"bpm":150,"changeBPM":false,"mustHitSection":true},{"typeOfSection":0,"sectionNotes":[],"lengthInSteps":16,"bpm":150,"changeBPM":false,"mustHitSection":true},{"lengthInSteps":16,"altAnim":false,"typeOfSection":0,"sectionNotes":[],"bpm":150,"changeBPM":false,"mustHitSection":true}],"song":"Spookeez","validScore":true,"sections":0,"needsVoices":true,"speed":1,"bpm":150}}